{"./projects/Garibaldi Neve Traverse/GX010180.MP4": [1273264420, 169.502667], "./projects/Garibaldi Neve Traverse/GX010191.MP4": [109747160, 14.6146], "./projects/Garibaldi Neve Traverse/GX010186.MP4": [1588163114, 211.444567], "./projects/Garibaldi Neve Traverse/GX010200.MP4": [10556441, 1.8018], "./projects/Garibaldi Neve Traverse/GX010230.MP4": [411438169, 54.721333], "./projects/Garibaldi Neve Traverse/GX010219.MP4": [1029968634, 137.137], "./projects/Garibaldi Neve Traverse/GX010199.MP4": [188056621, 25.191833], "./projects/Garibaldi Neve Traverse/GX010221.MP4": [1360309526, 181.047533], "./projects/Garibaldi Neve Traverse/GX010218.MP4": [91908263, 12.2122], "./projects/Garibaldi Neve Traverse/GX010198.MP4": [364543426, 48.715333], "./projects/Garibaldi Neve Traverse/GX010194.MP4": [270694696, 36.2362], "./projects/Garibaldi Neve Traverse/GX010206.MP4": [208214796, 27.7277], "./projects/Garibaldi Neve Traverse/GX010224.MP4": [197053440, 26.259567], "./projects/Garibaldi Neve Traverse/GX010216.MP4": [2339629910, 311.444467], "./projects/Garibaldi Neve Traverse/GX010195.MP4": [112708209, 15.081733], "./projects/Garibaldi Neve Traverse/GX010184.MP4": [1709532825, 227.560667], "./projects/Garibaldi Neve Traverse/GX010215.MP4": [142178269, 18.9189], "./projects/Garibaldi Neve Traverse/GX010217.MP4": [176121483, 23.356667], "./projects/Garibaldi Neve Traverse/GX010197.MP4": [79343534, 10.844167], "./projects/Garibaldi Neve Traverse/GX010188.MP4": [365971057, 48.815433], "./projects/Garibaldi Neve Traverse/GX010227.MP4": [828620653, 110.176733], "./projects/Garibaldi Neve Traverse/GX010192.MP4": [279517169, 37.4374], "./projects/Garibaldi Neve Traverse/GX010231.MP4": [5032063841, 670.036033], "./projects/Garibaldi Neve Traverse/GX010190.MP4": [407660687, 54.320933], "./projects/Garibaldi Neve Traverse/GX010213.MP4": [2573699891, 342.675667], "./projects/Garibaldi Neve Traverse/GX010222.MP4": [256957957, 34.1341], "./projects/Garibaldi Neve Traverse/GX010181.MP4": [419106910, 55.7557], "./projects/Garibaldi Neve Traverse/GX010208.MP4": [462061, 1.067733], "./projects/Garibaldi Neve Traverse/GX010185.MP4": [115892749, 15.4154], "./projects/Garibaldi Neve Traverse/GX010228.MP4": [390258123, 51.918533], "./projects/Garibaldi Neve Traverse/GX010225.MP4": [195537881, 25.892533], "./projects/Garibaldi Neve Traverse/GX010189.MP4": [205769779, 27.394033], "./projects/Garibaldi Neve Traverse/GX010223.MP4": [265294399, 35.1351], "./projects/Garibaldi Neve Traverse/GX010207.MP4": [275226636, 36.569867], "./projects/Garibaldi Neve Traverse/GX010182.MP4": [274279660, 36.770067], "./projects/Garibaldi Neve Traverse/GX010196.MP4": [236692452, 31.6316], "./projects/Garibaldi Neve Traverse/GX010229.MP4": [320006392, 42.509133], "./projects/Garibaldi Neve Traverse/GX010202.MP4": [96245577, 12.846167], "./projects/Garibaldi Neve Traverse/GX010214.MP4": [177082521, 23.556867], "./projects/Garibaldi Neve Traverse/GX010204.MP4": [552813682, 73.5735], "./projects/Garibaldi Neve Traverse/GX010211.MP4": [2431250837, 323.756767], "./projects/Garibaldi Neve Traverse/GX010226.MP4": [1087744107, 144.711233], "./projects/Garibaldi Neve Traverse/GX010220.MP4": [527098482, 70.136733], "./projects/Garibaldi Neve Traverse/GX010205.MP4": [117468518, 15.5155], "./projects/Garibaldi Neve Traverse/GX010233.MP4": [231425430, 30.6306], "./projects/Garibaldi Neve Traverse/GX010209.MP4": [92619949, 12.645967], "./projects/Garibaldi Neve Traverse/GX010232.MP4": [3530577497, 470.036233], "./projects/Garibaldi Neve Traverse/GX010203.MP4": [15797066, 2.335667], "./projects/Garibaldi Neve Traverse/GX010201.MP4": [86590196, 11.778433], "./projects/Garibaldi Neve Traverse/GX010193.MP4": [28888413, 4.070733], "./projects/Garibaldi Neve Traverse/GX010212.MP4": [6317168532, 841.207033], "./projects/Garibaldi Neve Traverse/GX010183.MP4": [86187671, 11.5115], "./projects/Garibaldi Neve Traverse/GX010187.MP4": [328225377, 43.610233], "./projects/Garibaldi Neve Traverse/GX010210.MP4": [1111793911, 148.014533]}